Id|CampaignId|MerchantId|CategoryId|Title|Description|WhenStarts|WhenExpires|TermsAndConditions|WhenLastUpdated|HasBarcodeImage|RedemptionLimit|RedemptionText|RedemptionCountUnlimited|CodeType|PremiumPlacement|Status|AlternativeTitle|AlternativeDescription|AlternativeTermsAndConditions|ApplyGeoFenceFilters|PromoImage|ExtendedData|DailyStartTime|DailyEndTime|DaysOfWeek|BaseWeight|NoCompeteGroup|IsGiftable|InStoreRedemptions|IsReward|AltImage|ContentUrl|IsRespawning|RespawnsInDays|EnableDistanceWeight|TagWeights|ApplyBeaconFilter|BeaconGroupIds|IsAvailableAllStores|ConsumerTargetingFilters|OperatingConditionsFilters|ContentFilters|GeofenceIds|Subcategories
2950|40|579|39|"20180218|1_MM_CBO|9.90|na"|"20180218|1_MM_CBO|9.90|na"|2018-02-19 00:00:00 +00:00|2018-03-04 23:59:00 +00:00|McDonald's behält sich das Recht vor, dieses Angebot jederzeit zurückzuziehen. Gültig nur in der Schweiz und im Fürstentum Liechtenstein. 1 Angebot gültig pro Bestellung.|2018-03-27 02:28:15 +00:00|False||69365294|True|1||1||||False|op2950_en.png||||0,1,2,3,4,5,6|||False||False|||False||False||False|
2951|40|579|38|"20180218|1_MM_BigTasty|10.90|na"|1 Menu Medium Big Tasty* = Fr. 10.90|2018-02-19 00:00:00 +00:00|2018-03-04 23:59:00 +00:00|McDonald's behält sich das Recht vor, dieses Angebot jederzeit zurückzuziehen. Gültig nur in der Schweiz und im Fürstentum Liechtenstein. 1 Angebot gültig pro Bestellung.|2018-03-27 02:28:15 +00:00|False||82609436|True|1||1||||False|op2951_en.png||||0,1,2,3,4,5,6|||False||False|||False||False||False||True||
2952|42|579|40|"20180218|1_HM|5.00|na"|1 Happy Meal = Fr. 5.-|2018-02-19 00:00:00 +00:00|2018-03-04 23:59:00 +00:00|McDonald's behält sich das Recht vor, dieses Angebot jederzeit zurückzuziehen. Gültig nur in der Schweiz und im Fürstentum Liechtenstein. 1 Angebot gültig pro Bestellung.|2018-03-27 02:28:15 +00:00|False||32008531|True|1||1||||False|op2952_en.png||||0,1,2,3,4,5,6|||False||False|||False||False||False||True|" Switzerland_CRM_OfferA"|
2953|42|579|38|"20180218|1_Double_Cheeseburger|3.80|na"|1 Double Cheeseburger = Fr. 3.80|2018-02-19 00:00:00 +00:00|2018-03-04 23:59:00 +00:00|McDonald's behält sich das Recht vor, dieses Angebot jederzeit zurückzuziehen. Gültig nur in der Schweiz und im Fürstentum Liechtenstein. 1 Angebot gültig pro Bestellung.|2018-03-27 02:28:15 +00:00|False||72426357|True|1||1||||False|op2953_en.png||||0,1,2,3,4,5,6|||False||False|||False||False||False||True|" Switzerland_CRM_OfferA"|
2954|42|579|41|"20180218|1_small_fries|1.50|na"|1 Pommes Frites Small = Fr. 1.50|2018-02-19 00:00:00 +00:00|2018-03-04 23:59:00 +00:00|McDonald's behält sich das Recht vor, dieses Angebot jederzeit zurückzuziehen. Gültig nur in der Schweiz und im Fürstentum Liechtenstein. 1 Angebot gültig pro Bestellung.|2018-03-27 02:28:15 +00:00|False||33027548|True|1||1||||False|op2954_en.png||||0,1,2,3,4,5,6|||False||False|||False||False||False||True|" Switzerland_CRM_OfferA"|
2955|42|579|39|"20180218|4_chicken_nuggets|2.00|na"|4 Chicken McNuggets = Fr. 2.-|2018-02-19 00:00:00 +00:00|2018-03-04 23:59:00 +00:00|McDonald's behält sich das Recht vor, dieses Angebot jederzeit zurückzuziehen. Gültig nur in der Schweiz und im Fürstentum Liechtenstein. 1 Angebot gültig pro Bestellung.|2018-03-27 02:28:15 +00:00|False||46542717|True|1||1||||False|op2955_en.png||||0,1,2,3,4,5,6|||False||False|||False||False||False||True|" Switzerland_CRM_OfferA"|
2956|43|579|38|"20180218|1_Double_Cheeseburger|3.80|na"|1 Double Cheeseburger = Fr. 3.80|2018-02-19 00:00:00 +00:00|2018-03-04 23:59:00 +00:00|McDonald's behält sich das Recht vor, dieses Angebot jederzeit zurückzuziehen. Gültig nur in der Schweiz und im Fürstentum Liechtenstein. 1 Angebot gültig pro Bestellung.|2018-03-27 02:28:15 +00:00|False||72426357|True|1||1||||False|op2953_en.png||||0,1,2,3,4,5,6|||False||False|||False||False||False||True|" Switzerland_Growth_Active"|
2957|43|579|40|"20180218|1_HM|5.00|family"|1 Happy Meal = Fr. 5.-|2018-02-19 00:00:00 +00:00|2018-03-04 23:59:00 +00:00|McDonald's behält sich das Recht vor, dieses Angebot jederzeit zurückzuziehen. Gültig nur in der Schweiz und im Fürstentum Liechtenstein. 1 Angebot gültig pro Bestellung.|2018-03-27 02:28:15 +00:00|False||32008531|True|1||1||||False|op2952_en.png||||0,1,2,3,4,5,6|||False||False|||False||False||False||True|" Happy_Meal_Family_Regular, Switzerland_Growth_Active"|
2958|43|579|39|"20180218|4_chicken_nuggets|2.00|na"|4 Chicken McNuggets = Fr. 2.-|2018-02-19 00:00:00 +00:00|2018-03-04 23:59:00 +00:00|McDonald's behält sich das Recht vor, dieses Angebot jederzeit zurückzuziehen. Gültig nur in der Schweiz und im Fürstentum Liechtenstein. 1 Angebot gültig pro Bestellung.|2018-03-27 02:28:15 +00:00|False||46542717|True|1||1||||False|op2955_en.png||||0,1,2,3,4,5,6|||False||False|||False||False||False||True|" Switzerland_Growth_Active"|
3125|40|579|39|"20180305|1_MM_CMN|8.90|na"|1 Menu Medium Chicken McNuggets = Fr. 8.90|2018-03-05 00:00:00 +00:00|2018-03-18 23:59:00 +00:00|McDonald's behält sich das Recht vor, dieses Angebot jederzeit zurückzuziehen. Gültig nur in der Schweiz und im Fürstentum Liechtenstein. 1 Angebot gültig pro Bestellung.|2018-03-27 02:28:15 +00:00|False||16391741|True|1||1||||False|op3125_en.png||||0,1,2,3,4,5,6|||False||False|||False||False||False||True||
3127|40|579|38|"20180305|1_MM_BigMac_1_HM|15.90|na"|1 Menu Medium Big Mac + 1 Happy Meal = Fr. 15.90|2018-03-05 00:00:00 +00:00|2018-03-18 23:59:00 +00:00|McDonald's behält sich das Recht vor, dieses Angebot jederzeit zurückzuziehen. Gültig nur in der Schweiz und im Fürstentum Liechtenstein. 1 Angebot gültig pro Bestellung.|2018-03-27 02:28:15 +00:00|False||16482364|True|1||1||||False|op3127_en.png||||0,1,2,3,4,5,6|||False||False|||False||False||False||True||
3129|42|579|38|"20180305|1_MM_Royal_Cheese|9.90|na"|1 Menu Medium Royal Cheese = Fr. 9.90|2018-03-05 00:00:00 +00:00|2018-03-18 23:59:00 +00:00|McDonald's behält sich das Recht vor, dieses Angebot jederzeit zurückzuziehen. Gültig nur in der Schweiz und im Fürstentum Liechtenstein. 1 Angebot gültig pro Bestellung.|2018-03-27 02:28:15 +00:00|False||16468351|True|1||1||||False|op3129_en.png||||0,1,2,3,4,5,6|||False||False|||False||False||False||True|" Switzerland_CRM_OfferA"|
3130|42|579|41|"20180305|1_small_fries|1.50|na"|1 Small Fries|2018-03-05 00:00:00 +00:00|2018-03-18 23:59:00 +00:00|McDonald's behält sich das Recht vor, dieses Angebot jederzeit zurückzuziehen. Gültig nur in der Schweiz und im Fürstentum Liechtenstein. 1 Angebot gültig pro Bestellung.|2018-03-27 02:28:15 +00:00|False||33021461|True|1||1||||False|op3130_en.png||||0,1,2,3,4,5,6|||False||False|||False||False||False||True|" Switzerland_CRM_OfferA"|
3133|42|579|39|"20180305|4_chicken_nuggets|2.00|na"|4 Chicken McNuggets = Fr. 2.-|2018-03-05 00:00:00 +00:00|2018-03-18 23:59:00 +00:00|McDonald's behält sich das Recht vor, dieses Angebot jederzeit zurückzuziehen. Gültig nur in der Schweiz und im Fürstentum Liechtenstein. 1 Angebot gültig pro Bestellung.|2018-03-27 02:28:15 +00:00|False||46542878|True|1||1||||False|op3133_en.png||||0,1,2,3,4,5,6|||False||False|||False||False||False||True|" Switzerland_CRM_OfferA"|
3134|42|579|40|"20180305|1_HM|5.00|na"|1 Happy Meal = Fr. 5.-|2018-03-05 00:00:00 +00:00|2018-03-18 23:59:00 +00:00|McDonald's behält sich das Recht vor, dieses Angebot jederzeit zurückzuziehen. Gültig nur in der Schweiz und im Fürstentum Liechtenstein. 1 Angebot gültig pro Bestellung.|2018-03-27 02:28:15 +00:00|False||32004977|True|1||1||||False|op3134_en.png||||0,1,2,3,4,5,6|||False||False|||False||False||False||True|" Switzerland_CRM_OfferA"|
3136|43|579|38|"20180305|1_MM_Royal_Cheese|9.90|na"|1 Menu Medium Royal Cheese = Fr. 9.90|2018-03-05 00:00:00 +00:00|2018-03-18 23:59:00 +00:00|McDonald's behält sich das Recht vor, dieses Angebot jederzeit zurückzuziehen. Gültig nur in der Schweiz und im Fürstentum Liechtenstein. 1 Angebot gültig pro Bestellung.|2018-03-27 02:28:15 +00:00|False||16468351|True|1||1||||False|op3129_en.png||||0,1,2,3,4,5,6|||False||False|||False||False||False||True|" Switzerland_Growth_Active"|
3138|43|579|39|"20180305|1_Mc_Chicken|5.00|na"|1 McChicken = Fr. 5.-|2018-03-05 00:00:00 +00:00|2018-03-18 23:59:00 +00:00|McDonald's behält sich das Recht vor, dieses Angebot jederzeit zurückzuziehen. Gültig nur in der Schweiz und im Fürstentum Liechtenstein. 1 Angebot gültig pro Bestellung.|2018-03-27 02:28:15 +00:00|False||16471375|True|1||1||||False|op3138_en.png|{hideexpiredate:true}|||0,1,2,3,4,5,6|||False||False|||False||False||False||True|" Switzerland_Growth_Active"|
3139|43|579|38|"20180305|1_MM_Big_Mac_1_Mc_Flurry|13.00|beef"|1 Menu Medium Big Mac = 1 McFlurry|2018-03-05 00:00:00 +00:00|2018-03-18 23:59:00 +00:00|McDonald's behält sich das Recht vor, dieses Angebot jederzeit zurückzuziehen. Gültig nur in der Schweiz und im Fürstentum Liechtenstein. 1 Angebot gültig pro Bestellung.|2018-03-27 02:28:15 +00:00|False||16319141|True|1||1||||False|op3139_en.png||||0,1,2,3,4,5,6|||False||False|||False||False||False||True|" Beef_Sandwiches_And_Wraps_Regular, Switzerland_Growth_Active"|
3141|43|579|39|"20180305|1_MM_Mc_Chicken_1_Mc_Flurry|12.80|chicken"|1 Menu Medium McChicken = 1 McFlurry|2018-03-05 00:00:00 +00:00|2018-03-18 23:59:00 +00:00|McDonald's behält sich das Recht vor, dieses Angebot jederzeit zurückzuziehen. Gültig nur in der Schweiz und im Fürstentum Liechtenstein. 1 Angebot gültig pro Bestellung.|2018-03-27 02:28:15 +00:00|False||16324695|True|1||1||||False|op3141_en.png|{hideexpiredate:true}|||0,1,2,3,4,5,6|||False||False|||False||False||False||True|" Chicken_Sandwiches_And_Wraps_Regular, Switzerland_Growth_Active"|
3170|42|579|52|"20180305|1_mc_flurry|2.50|na"|/|2018-03-19 00:00:00 +00:00|2018-04-01 23:59:00 +00:00|McDonald's behält sich das Recht vor, dieses Angebot jederzeit zurückzuziehen. Gültig nur in der Schweiz und im Fürstentum Liechtenstein. 1 Angebot gültig pro Bestellung.|2018-03-27 02:28:15 +00:00|False||10883594|True|1||2||||False|op3170_en.png||||0,1,2,3,4,5,6|||False||False|||False||False||False||True|" Switzerland_CRM_OfferB"|
3219|40|579|52|"20180312|1_Cofeee_1_Croissant|2.00|na"|1 Coffee = Croissant|2018-03-12 00:00:00 +00:00|2018-03-18 23:59:00 +00:00|McDonald's behält sich das Recht vor, dieses Angebot jederzeit zurückzuziehen. Gültig nur in der Schweiz und im Fürstentum Liechtenstein. 1 Angebot gültig pro Bestellung.|2018-03-27 02:28:15 +00:00|False||18983814|True|1||1||||False|op3219_en.png||360|660|0,1,2,3,4,5,6|||False||False|||False||False||False||True||
3227|40|579|52|"20180312|1_Coffee|1.00|na"|1 Coffee = Fr. 1.-|2018-03-12 00:00:00 +00:00|2018-03-18 23:59:00 +00:00|McDonald's behält sich das Recht vor, dieses Angebot jederzeit zurückzuziehen. Gültig nur in der Schweiz und im Fürstentum Liechtenstein. 1 Angebot gültig pro Bestellung.|2018-03-27 02:28:15 +00:00|False||18972153|True|1||1||||False|op3227_en.png||||0,1,2,3,4,5,6|||False||False|||False||False||False||True||
3314|40|579|52|"20180319|1_Coffee|1.00|na"|1 Coffee = Fr. 1.-|2018-03-19 00:00:00 +00:00|2018-04-01 23:59:00 +00:00|McDonald's behält sich das Recht vor, dieses Angebot jederzeit zurückzuziehen. Gültig nur in der Schweiz und im Fürstentum Liechtenstein. 1 Angebot gültig pro Bestellung.|2018-03-27 02:28:15 +00:00|False||18972153|True|1||1||||False|op3227_en.png||||0,1,2,3,4,5,6|||False||False|||False||False||False||True||
3315|40|579|52|"20180319|1_Cofeee_1_Croissant|2.00|na"|1 Coffee = Croissant|2018-03-19 00:00:00 +00:00|2018-04-01 23:59:00 +00:00|McDonald's behält sich das Recht vor, dieses Angebot jederzeit zurückzuziehen. Gültig nur in der Schweiz und im Fürstentum Liechtenstein. 1 Angebot gültig pro Bestellung.|2018-03-27 02:28:15 +00:00|False||18983814|True|1||1||||False|op3219_en.png||360|660|0,1,2,3,4,5,6|||False||False|||False||False||False||True||
3317|40|579|39|"20180319|1_MM_CMN|8.90|na"|1 Menu Medium Chicken McNuggets = Fr. 8.90|2018-03-19 00:00:00 +00:00|2018-04-01 23:59:00 +00:00|McDonald's behält sich das Recht vor, dieses Angebot jederzeit zurückzuziehen. Gültig nur in der Schweiz und im Fürstentum Liechtenstein. 1 Angebot gültig pro Bestellung.|2018-03-27 02:28:15 +00:00|False||16391741|True|1||1||||False|op3125_en.png||||0,1,2,3,4,5,6|||False||False|||False||False||False||True||
3319|42|579|38|"20180319|1_MM_Royal_Cheese|9.90|na"|1 Menu Medium Royal Cheese = Fr. 9.90|2018-03-19 00:00:00 +00:00|2018-04-01 23:59:00 +00:00|McDonald's behält sich das Recht vor, dieses Angebot jederzeit zurückzuziehen. Gültig nur in der Schweiz und im Fürstentum Liechtenstein. 1 Angebot gültig pro Bestellung.|2018-03-27 02:28:15 +00:00|False||16468351|True|1||1||||False|op3129_en.png||||0,1,2,3,4,5,6|||False||False|||False||False||False||True|" Switzerland_CRM_OfferA"|
3321|42|579|41|"20180319|1_small_fries|1.50|na"|1 Small Fries|2018-03-19 00:00:00 +00:00|2018-04-01 23:59:00 +00:00|McDonald's behält sich das Recht vor, dieses Angebot jederzeit zurückzuziehen. Gültig nur in der Schweiz und im Fürstentum Liechtenstein. 1 Angebot gültig pro Bestellung.|2018-03-27 02:28:15 +00:00|False||33021461|True|1||1||||False|op3130_en.png||||0,1,2,3,4,5,6|||False||False|||False||False||False||True|" Switzerland_CRM_OfferA"|
3323|42|579|39|"20180319|4_CMN|2.00|na"|4 Chicken McNuggets = Fr. 2.-|2018-03-19 00:00:00 +00:00|2018-04-01 23:59:00 +00:00|McDonald's behält sich das Recht vor, dieses Angebot jederzeit zurückzuziehen. Gültig nur in der Schweiz und im Fürstentum Liechtenstein. 1 Angebot gültig pro Bestellung.|2018-03-27 02:28:15 +00:00|False||46542878|True|1||1||||False|op3133_en.png||||0,1,2,3,4,5,6|||False||False|||False||False||False||True|" Switzerland_CRM_OfferA"|
3325|42|579|40|"20180319|1_HM|5.00|na"|1 Happy Meal = Fr. 5.-|2018-03-19 00:00:00 +00:00|2018-04-01 23:59:00 +00:00|McDonald's behält sich das Recht vor, dieses Angebot jederzeit zurückzuziehen. Gültig nur in der Schweiz und im Fürstentum Liechtenstein. 1 Angebot gültig pro Bestellung.|2018-03-27 02:28:15 +00:00|False||32004977|True|1||1||||False|op3134_en.png||||0,1,2,3,4,5,6|||False||False|||False||False||False||True|" Switzerland_CRM_OfferA"|
3327|43|579|38|"20180319|1_MM_Royal_Cheese|9.90|na"|1 Menu Medium Royal Cheese = Fr. 9.90|2018-03-19 00:00:00 +00:00|2018-04-01 23:59:00 +00:00|McDonald's behält sich das Recht vor, dieses Angebot jederzeit zurückzuziehen. Gültig nur in der Schweiz und im Fürstentum Liechtenstein. 1 Angebot gültig pro Bestellung.|2018-03-27 02:28:15 +00:00|False||16468351|True|1||1||||False|op3129_en.png||||0,1,2,3,4,5,6|||False||False|||False||False||False||True|" Switzerland_Growth_Active"|
3329|43|579|39|"20180319|1_Mc_Chicken|5.00|na"|1 McChicken = Fr. 5.-|2018-03-19 00:00:00 +00:00|2018-04-01 23:59:00 +00:00|McDonald's behält sich das Recht vor, dieses Angebot jederzeit zurückzuziehen. Gültig nur in der Schweiz und im Fürstentum Liechtenstein. 1 Angebot gültig pro Bestellung.|2018-03-27 02:28:15 +00:00|False||16471375|True|1||1||||False|op3138_en.png|{hideexpiredate:true}|||0,1,2,3,4,5,6|||False||False|||False||False||False||True|" Switzerland_Growth_Active"|
3330|42|579|52|"20180319|1_mc_flurry|2.50|na"|1 McFlurry = Fr. 2.50|2018-03-19 00:00:00 +00:00|2018-04-01 23:59:00 +00:00|McDonald's behält sich das Recht vor, dieses Angebot jederzeit zurückzuziehen. Gültig nur in der Schweiz und im Fürstentum Liechtenstein. 1 Angebot gültig pro Bestellung.|2018-03-27 02:28:15 +00:00|False||10883594|True|1||1||||False|op3170_en.png||||0,1,2,3,4,5,6|||False||False|||False||False||False||True|" Switzerland_CRM_OfferB"|
3331|43|579|52|"20180319|1_mc_flurry|2.50|sweet_coffee"|1 McFlurry = Fr. 2.50|2018-03-19 00:00:00 +00:00|2018-04-01 23:59:00 +00:00|McDonald's behält sich das Recht vor, dieses Angebot jederzeit zurückzuziehen. Gültig nur in der Schweiz und im Fürstentum Liechtenstein. 1 Angebot gültig pro Bestellung.|2018-03-27 02:28:15 +00:00|False||10883594|True|1||1||||False|op3170_en.png||||0,1,2,3,4,5,6|||False||False|||False||False||False||True|" sweet_coffee_regular, Switzerland_Growth_Active"|
3332|43|579|40|"20180319|1_MM_6_CMN_1_HM|15.90|family"|1 Menu Medium 6 Chicken McNuggets + 1 Happy Meal = Fr. 15.90|2018-03-19 00:00:00 +00:00|2018-04-01 23:59:00 +00:00|McDonald's behält sich das Recht vor, dieses Angebot jederzeit zurückzuziehen. Gültig nur in der Schweiz und im Fürstentum Liechtenstein. 1 Angebot gültig pro Bestellung.|2018-03-27 02:28:15 +00:00|False||16497122|True|1||1||||False|op3332_en.png|{hideexpiredate:true}|||0,1,2,3,4,5,6|||False||False|||False||False||False||True|" Happy_Meal_Family_Regular, Switzerland_Growth_Active"|
3335|43|579|39|"20180319|1_MM_McChicken_1_Cheeseburger|12.80|chicken"|1 Menu Medium McChicken = 1 Cheeseburger|2018-03-19 00:00:00 +00:00|2018-04-01 23:59:00 +00:00|McDonald's behält sich das Recht vor, dieses Angebot jederzeit zurückzuziehen. Gültig nur in der Schweiz und im Fürstentum Liechtenstein. 1 Angebot gültig pro Bestellung.|2018-03-27 02:28:15 +00:00|False||16386174|True|1||1||||False|op3335_en.png|{hideexpiredate:true}|||0,1,2,3,4,5,6|||False||False|||False||False||False||True|" Chicken_Sandwiches_And_Wraps_Regular, Switzerland_Growth_Active"|
3358|43|579|38|"20180319|1_MM_McChicken_1_Cheeseburger|12.80|beef"|1 Menu Medium McChicken = 1 Cheeseburger|2018-03-19 00:00:00 +00:00|2018-04-01 23:59:00 +00:00|McDonald's behält sich das Recht vor, dieses Angebot jederzeit zurückzuziehen. Gültig nur in der Schweiz und im Fürstentum Liechtenstein. 1 Angebot gültig pro Bestellung.|2018-03-27 02:28:15 +00:00|False||16386174|True|1||1||||False|op3335_en.png|{hideexpiredate:true}|||0,1,2,3,4,5,6|||False||False|||False||False||False||True|" Beef_Sandwiches_And_Wraps_Regular, Switzerland_Growth_Active"|
3512|40|579|52|"20180402|1_Coffee|1.00|na"|1 Coffee = Fr. 1.-|2018-04-02 00:00:00 +00:00|2018-04-15 23:59:00 +00:00|McDonald's behält sich das Recht vor, dieses Angebot jederzeit zurückzuziehen. Gültig nur in der Schweiz und im Fürstentum Liechtenstein. 1 Angebot gültig pro Bestellung.|2018-03-27 14:30:00 +00:00|False||18972153|True|1||1||||False|op3227_en.png||||0,1,2,3,4,5,6|||False||False|||False||False||False||True||
3513|40|579|52|"20180402|1_Cofeee_1_Croissant|2.00|na"|1 Coffee = Croissant|2018-04-02 00:00:00 +00:00|2018-04-15 23:59:00 +00:00|McDonald's behält sich das Recht vor, dieses Angebot jederzeit zurückzuziehen. Gültig nur in der Schweiz und im Fürstentum Liechtenstein. 1 Angebot gültig pro Bestellung.|2018-03-27 14:32:07 +00:00|False||18983814|True|1||1||||False|op3219_en.png||360|660|0,1,2,3,4,5,6|||False||False|||False||False||False||True||
3515|40|579|39|"20180402|1_MM_CMN|8.90|na"|1 Menu Medium Chicken McNuggets = Fr. 8.90|2018-04-02 00:00:00 +00:00|2018-04-15 23:59:00 +00:00|McDonald's behält sich das Recht vor, dieses Angebot jederzeit zurückzuziehen. Gültig nur in der Schweiz und im Fürstentum Liechtenstein. 1 Angebot gültig pro Bestellung.|2018-03-27 14:34:14 +00:00|False||16391741|True|1||1||||False|op3125_en.png||||0,1,2,3,4,5,6|||False||False|||False||False||False||True||
3517|42|579|38|"20180402|1_MM_Royal_Cheese|9.90|na"|1 Menu Medium Royal Cheese = Fr. 9.90|2018-04-02 00:00:00 +00:00|2018-04-15 23:59:00 +00:00|McDonald's behält sich das Recht vor, dieses Angebot jederzeit zurückzuziehen. Gültig nur in der Schweiz und im Fürstentum Liechtenstein. 1 Angebot gültig pro Bestellung.|2018-03-27 14:35:51 +00:00|False||16468351|True|1||1||||False|op3129_en.png||||0,1,2,3,4,5,6|||False||False|||False||False||False||True|" Switzerland_CRM_OfferA"|
3519|42|579|41|"20180402|1_small_fries|1.50|na"|1 Small Fries|2018-04-02 00:00:00 +00:00|2018-04-15 23:59:00 +00:00|McDonald's behält sich das Recht vor, dieses Angebot jederzeit zurückzuziehen. Gültig nur in der Schweiz und im Fürstentum Liechtenstein. 1 Angebot gültig pro Bestellung.|2018-03-27 14:37:11 +00:00|False||33021461|True|1||1||||False|op3130_en.png||||0,1,2,3,4,5,6|||False||False|||False||False||False||True|" Switzerland_CRM_OfferA"|
3521|42|579|52|"20180402|1_mc_flurry|2.50|na"|1 McFlurry = Fr. 2.50|2018-04-02 00:00:00 +00:00|2018-04-15 23:59:00 +00:00|McDonald's behält sich das Recht vor, dieses Angebot jederzeit zurückzuziehen. Gültig nur in der Schweiz und im Fürstentum Liechtenstein. 1 Angebot gültig pro Bestellung.|2018-03-27 14:40:03 +00:00|False||10883594|True|1||1||||False|op3170_en.png||||0,1,2,3,4,5,6|||False||False|||False||False||False||True|" Switzerland_CRM_OfferA"|
3523|42|579|40|"20180402|1_MM_6_CMN_1_HM|15.90|na"|1 Menu Medium 6 Chicken McNuggets + 1 Happy Meal = Fr. 15.90|2018-04-02 00:00:00 +00:00|2018-04-15 23:59:00 +00:00|McDonald's behält sich das Recht vor, dieses Angebot jederzeit zurückzuziehen. Gültig nur in der Schweiz und im Fürstentum Liechtenstein. 1 Angebot gültig pro Bestellung.|2018-03-27 14:42:00 +00:00|False||16497122|True|1||1||||False|op3332_en.png|{hideexpiredate:true}|||0,1,2,3,4,5,6|||False||False|||False||False||False||True|" Switzerland_CRM_OfferA"|
3525|43|579|38|"20180402|1_MM_Royal_Cheese|9.90|na"|1 Menu Medium Royal Cheese = Fr. 9.90|2018-04-02 00:00:00 +00:00|2018-04-15 23:59:00 +00:00|McDonald's behält sich das Recht vor, dieses Angebot jederzeit zurückzuziehen. Gültig nur in der Schweiz und im Fürstentum Liechtenstein. 1 Angebot gültig pro Bestellung.|2018-03-27 14:43:28 +00:00|False||16468351|True|1||1||||False|op3129_en.png||||0,1,2,3,4,5,6|||False||False|||False||False||False||True|" Switzerland_Growth_Active"|
3528|43|579|39|"20180402|1_Mc_Chicken|5.00|na"|1 McChicken = Fr. 5.-|2018-04-02 00:00:00 +00:00|2018-04-15 23:59:00 +00:00|McDonald's behält sich das Recht vor, dieses Angebot jederzeit zurückzuziehen. Gültig nur in der Schweiz und im Fürstentum Liechtenstein. 1 Angebot gültig pro Bestellung.|2018-03-27 14:44:39 +00:00|False||16471375|True|1||1||||False|op3138_en.png|{hideexpiredate:true}|||0,1,2,3,4,5,6|||False||False|||False||False||False||True|" Switzerland_Growth_Active"|
3529|43|579|39|"20180402|1_MM_McChicken_1_Cheeseburger|12.80|chicken"|1 Menu Medium McChicken = 1 Cheeseburger|2018-04-02 00:00:00 +00:00|2018-04-15 23:59:00 +00:00|McDonald's behält sich das Recht vor, dieses Angebot jederzeit zurückzuziehen. Gültig nur in der Schweiz und im Fürstentum Liechtenstein. 1 Angebot gültig pro Bestellung.|2018-03-27 14:46:22 +00:00|False||16386174|True|1||1||||False|op3335_en.png|{hideexpiredate:true}|||0,1,2,3,4,5,6|||False||False|||False||False||False||True|" Chicken_Sandwiches_And_Wraps_Regular, Switzerland_Growth_Active"|
3531|43|579|40|"20180402|1_MM_6_CMN_1_HM|15.90|family"|1 Menu Medium 6 Chicken McNuggets + 1 Happy Meal = Fr. 15.90|2018-04-02 00:00:00 +00:00|2018-04-15 23:59:00 +00:00|McDonald's behält sich das Recht vor, dieses Angebot jederzeit zurückzuziehen. Gültig nur in der Schweiz und im Fürstentum Liechtenstein. 1 Angebot gültig pro Bestellung.|2018-03-27 14:47:46 +00:00|False||16497122|True|1||1||||False|op3332_en.png|{hideexpiredate:true}|||0,1,2,3,4,5,6|||False||False|||False||False||False||True|" Happy_Meal_Family_Regular, Switzerland_Growth_Active"|
3532|43|579|38|"20180402|1_MM_Big_Mac_1_Mc_Flurry|13.00|beef"|1 Menu Medium Big Mac = 1 McFlurry|2018-04-02 00:00:00 +00:00|2018-04-15 23:59:00 +00:00|McDonald's behält sich das Recht vor, dieses Angebot jederzeit zurückzuziehen. Gültig nur in der Schweiz und im Fürstentum Liechtenstein. 1 Angebot gültig pro Bestellung.|2018-03-27 14:49:21 +00:00|False||16319141|True|1||1||||False|op3139_en.png||||0,1,2,3,4,5,6|||False||False|||False||False||False||True|" Beef_Sandwiches_And_Wraps_Regular, Switzerland_Growth_Active"|
3544|43|579|52|"20180402|1_mc_flurry|2.50|sweet_coffee"|1 McFlurry = Fr. 2.50|2018-04-02 00:00:00 +00:00|2018-04-15 23:59:00 +00:00|McDonald's behält sich das Recht vor, dieses Angebot jederzeit zurückzuziehen. Gültig nur in der Schweiz und im Fürstentum Liechtenstein. 1 Angebot gültig pro Bestellung.|2018-03-27 15:05:57 +00:00|False||10883594|True|1||1||||False|op3170_en.png||||0,1,2,3,4,5,6|||False||False|||False||False||False||True|" sweet_coffee_regular, Switzerland_Growth_Active"|
3666|44|579|52|"20180403|1_mc_flurry|2.50|na"|1 McFlurry = Fr. 2.50|2018-04-02 00:00:00 +00:00|2018-04-15 23:59:00 +00:00|McDonald's behält sich das Recht vor, dieses Angebot jederzeit zurückzuziehen. Gültig nur in der Schweiz und im Fürstentum Liechtenstein. 1 Angebot gültig pro Bestellung.|2018-04-03 14:57:18 +00:00|False||10883594|True|1||1||||False|op3170_en.png|{hideexpiredate:true}|||0,1,2,3,4,5,6|||False||False|||False||False||False||True|" Switzerland_Growth_InActive"|
3667|44|579|39|"20180403|1_MM_CMN|8.90|na"|1 Menu Medium Chicken McNuggets = Fr. 8.90|2018-04-02 00:00:00 +00:00|2018-04-29 23:59:00 +00:00|McDonald's behält sich das Recht vor, dieses Angebot jederzeit zurückzuziehen. Gültig nur in der Schweiz und im Fürstentum Liechtenstein. 1 Angebot gültig pro Bestellung.|2018-04-29 07:41:46 +00:00|False||16391741|True|1||1||||False|op3125_en.png|{hideexpiredate:true}|||0,1,2,3,4,5,6|||False||False|||False||False||False||True|" Switzerland_Growth_InActive"|
3669|44|579|38|"20180403|1_MM_Royal_Cheese|9.90|na"|1 Menu Medium Royal Cheese = Fr. 9.90|2018-04-02 00:00:00 +00:00|2018-04-29 23:59:00 +00:00|McDonald's behält sich das Recht vor, dieses Angebot jederzeit zurückzuziehen. Gültig nur in der Schweiz und im Fürstentum Liechtenstein. 1 Angebot gültig pro Bestellung.|2018-04-29 07:41:37 +00:00|False||16468351|True|1||1||||False|op3129_en.png|{hideexpiredate:true}|||0,1,2,3,4,5,6|||False||False|||False||False||False||True|" Switzerland_Growth_InActive"|
3670|44|579|40|"20180403|1_MM_6_CMN_1_HM|15.90|na"|1 Menu Medium 6 Chicken McNuggets + 1 Happy Meal = Fr. 15.90|2018-04-02 00:00:00 +00:00|2018-04-15 23:59:00 +00:00|McDonald's behält sich das Recht vor, dieses Angebot jederzeit zurückzuziehen. Gültig nur in der Schweiz und im Fürstentum Liechtenstein. 1 Angebot gültig pro Bestellung.|2018-04-13 15:15:24 +00:00|False||16497122|True|1||1||||False|op3332_en.png|{hideexpiredate:true}|||0,1,2,3,4,5,6|||False||False|||False||False||False||True|" Switzerland_Growth_InActive"|
3819|269|579|40|"20180413|1_MM_1_HM|15.90|na"|1 Menu* MEDIUM + 1 Happy Meal = Fr. 15.90|2018-04-13 00:00:00 +00:00|2018-04-24 23:59:00 +00:00|Gültig vom 13.04. bis 24.04.2018. 1 Bon pro Person. Nicht kumulierbar mit anderen Spezialangeboten. Angebot gültig in allen McDonald’s® Restaurants der Schweiz und im Fürstentum Liechtenstein.|2018-04-12 23:59:24 +00:00|False||15701497|True|1||1||||False|op3819_en.png||||0,1,2,3,4,5,6|2||False||False|||True|1|False|" """"{""""ReferenceCode"""" : """"Happy_Meal_Family_Regular"""",""""Weight"""" : """"10""""}"""""|False||True||
3822|269|579|40|"20180413|2_HM|10.90|na"|2 Happy Meal = Fr. 10.80|2018-04-13 00:00:00 +00:00|2018-04-24 23:59:00 +00:00|Gültig vom 13.04. bis 24.04.2018. 1 Bon pro Person. Nicht kumulierbar mit anderen Spezialangeboten. Angebot gültig in allen McDonald’s® Restaurants der Schweiz und im Fürstentum Liechtenstein.|2018-04-16 06:36:30 +00:00|False||15786579|True|1||1||||False|op3822_en.png||||0,1,2,3,4,5,6|5||False||False|||True|1|False|" """"{""""ReferenceCode"""" : """"Happy_Meal_Family_Regular"""",""""Weight"""" : """"10""""}"""""|False||True||
3842|269|579|39|"20180413|1_ShareBucket|12.00|na"|Share bucket - 50%|2018-04-13 00:00:00 +00:00|2018-04-24 23:59:00 +00:00|Gültig vom 13.04. bis 24.04.2018. 1 Bon pro Person. Nicht kumulierbar mit anderen Spezialangeboten. Angebot gültig in allen McDonald’s® Restaurants der Schweiz und im Fürstentum Liechtenstein.|2018-04-13 00:01:00 +00:00|False||11862758|True|1||1||||False|op3842_en.png||||0,1,2,3,4,5,6|3||False||False|||True|1|False|" """"{""""ReferenceCode"""" : """"Chicken_Sandwiches_And_Wraps_Regular"""",""""Weight"""" : """"10""""}"""""|False||True||
3843|269|579|39|"20180413|9_CMN|5.80|na"|9 Chicken McNuggets = Fr.  5.80|2018-04-13 00:00:00 +00:00|2018-04-25 02:00:00 +00:00|Gültig vom 13.04. bis 24.04.2018. 1 Bon pro Person. Nicht kumulierbar mit anderen Spezialangeboten. Angebot gültig in allen McDonald’s® Restaurants der Schweiz und im Fürstentum Liechtenstein.|2018-04-24 07:46:41 +00:00|False||15874719|True|1||1||||False|op3843_en.png||||0,1,2,3,4,5,6|6||False||False|||True|1|False|" """"{""""ReferenceCode"""" : """"Chicken_Sandwiches_And_Wraps_Regular"""",""""Weight"""" : """"10""""}"""""|False||True||
3844|269|579|38|"20180413|1_Bigmac|3.90|na"|Big Mac = Fr. 3.90|2018-04-13 00:00:00 +00:00|2018-04-24 23:59:00 +00:00|Gültig vom 13.04. bis 24.04.2018. 1 Bon pro Person. Nicht kumulierbar mit anderen Spezialangeboten. Angebot gültig in allen McDonald’s® Restaurants der Schweiz und im Fürstentum Liechtenstein.|2018-04-12 23:57:24 +00:00|False||16946255|True|1||1||||False|op3844_en.png||||0,1,2,3,4,5,6|7||False||False|||True|1|False|" """"{""""ReferenceCode"""" : """"Beef_Sandwiches_And_Wraps_Regular"""",""""Weight"""" : """"10""""}"""""|False||True||
3845|269|579|38|"20180413|2_Cheeseburger|4.00|na"|2 Cheeseburger = Fr. 4.-|2018-04-13 00:00:00 +00:00|2018-04-24 23:59:00 +00:00|Gültig vom 13.04. bis 24.04.2018. 1 Bon pro Person. Nicht kumulierbar mit anderen Spezialangeboten. Angebot gültig in allen McDonald’s® Restaurants der Schweiz und im Fürstentum Liechtenstein.|2018-04-13 00:00:10 +00:00|False||15791566|True|1||1||||False|op3845_en.png||||0,1,2,3,4,5,6|4||False||False|||True|1|False|" """"{""""ReferenceCode"""" : """"Beef_Sandwiches_And_Wraps_Regular"""",""""Weight"""" : """"10""""}"""""|False||True||
3846|269|579|52|"20180413|1_Sundae|2.50|na"|1 Sundae = Fr. 2.50|2018-04-13 00:00:00 +00:00|2018-04-24 23:59:00 +00:00|Gültig vom 13.04. bis 24.04.2018. 1 Bon pro Person. Nicht kumulierbar mit anderen Spezialangeboten. Angebot gültig in allen McDonald’s® Restaurants der Schweiz und im Fürstentum Liechtenstein.|2018-04-13 00:00:24 +00:00|False||11649724|True|1||1||||False|op3846_en.png||||0,1,2,3,4,5,6|1||False||False|||True|1|False|" """"{""""ReferenceCode"""" : """"sweet_coffee_regular"""",""""Weight"""" : """"10""""}"""""|False||True||
3859|40|579|52|"20180416|1_Coffee|1.00|na"|1 Coffee = Fr. 1.-|2018-04-16 00:00:00 +00:00|2018-04-29 23:59:00 +00:00|McDonald's behält sich das Recht vor, dieses Angebot jederzeit zurückzuziehen. Gültig nur in der Schweiz und im Fürstentum Liechtenstein. 1 Angebot gültig pro Bestellung.|2018-04-29 07:32:58 +00:00|False||18972153|True|1||1||||False|op3227_en.png||||0,1,2,3,4,5,6|||False||False|||False||False||False||True||
3860|40|579|39|"20180416|1_MM_CMN|8.90|na"|1 Menu Medium Chicken McNuggets = Fr. 8.90|2018-04-16 00:00:00 +00:00|2018-04-29 23:59:00 +00:00|McDonald's behält sich das Recht vor, dieses Angebot jederzeit zurückzuziehen. Gültig nur in der Schweiz und im Fürstentum Liechtenstein. 1 Angebot gültig pro Bestellung.|2018-04-29 07:33:13 +00:00|False||16391741|True|1||1||||False|op3125_en.png||||0,1,2,3,4,5,6|||False||False|||False||False||False||True||
3861|42|579|38|"20180416|1_MM_Royal_Cheese|9.90|na"|1 Menu Medium Royal Cheese = Fr. 9.90|2018-04-16 00:00:00 +00:00|2018-04-29 23:59:00 +00:00|McDonald's behält sich das Recht vor, dieses Angebot jederzeit zurückzuziehen. Gültig nur in der Schweiz und im Fürstentum Liechtenstein. 1 Angebot gültig pro Bestellung.|2018-04-29 07:40:15 +00:00|False||16468351|True|1||1||||False|op3129_en.png||||0,1,2,3,4,5,6|||False||False|||False||False||False||True|" Switzerland_CRM_OfferA"|
3862|42|579|40|"20180416|1_MM_6_CMN_1_HM|15.90|na"|1 Menu Medium 6 Chicken McNuggets + 1 Happy Meal = Fr. 15.90|2018-04-16 00:00:00 +00:00|2018-04-29 23:59:00 +00:00|McDonald's behält sich das Recht vor, dieses Angebot jederzeit zurückzuziehen. Gültig nur in der Schweiz und im Fürstentum Liechtenstein. 1 Angebot gültig pro Bestellung.|2018-04-29 07:40:07 +00:00|False||16497122|True|1||1||||False|op3332_en.png|{hideexpiredate:true}|||0,1,2,3,4,5,6|||False||False|||False||False||False||True|" Switzerland_CRM_OfferA"|
3863|43|579|38|"20180416|1_MM_Royal_Cheese|9.90|na"|1 Menu Medium Royal Cheese = Fr. 9.90|2018-04-16 00:00:00 +00:00|2018-04-29 23:59:00 +00:00|McDonald's behält sich das Recht vor, dieses Angebot jederzeit zurückzuziehen. Gültig nur in der Schweiz und im Fürstentum Liechtenstein. 1 Angebot gültig pro Bestellung.|2018-04-29 07:38:00 +00:00|False||16468351|True|1||1||||False|op3129_en.png||||0,1,2,3,4,5,6|||False||False|||False||False||False||True|" Switzerland_Growth_Active"|
3864|43|579|39|"20180416|1_MM_McChicken_1_Cheeseburger|12.80|chicken"|1 Menu Medium McChicken = 1 Cheeseburger|2018-04-16 00:00:00 +00:00|2018-04-29 23:59:00 +00:00|McDonald's behält sich das Recht vor, dieses Angebot jederzeit zurückzuziehen. Gültig nur in der Schweiz und im Fürstentum Liechtenstein. 1 Angebot gültig pro Bestellung.|2018-04-29 07:37:49 +00:00|False||16386174|True|1||1||||False|op3335_en.png|{hideexpiredate:true}|||0,1,2,3,4,5,6|||False||False|||False||False||False||True|" Switzerland_Growth_Active"|
4063|40|579|52|"20180430|1_Coffee|1.00|na"|1 Coffee = Fr. 1.-|2018-04-30 00:00:00 +00:00|2018-05-13 23:59:00 +00:00|McDonald's behält sich das Recht vor, dieses Angebot jederzeit zurückzuziehen. Gültig nur in der Schweiz und im Fürstentum Liechtenstein. 1 Angebot gültig pro Bestellung.|2018-04-29 08:50:56 +00:00|False||18972153|True|1||1||||False|op3227_en.png||||0,1,2,3,4,5,6|||False||False|||False||False||False||True||
4065|40|579|38|"20180430|1_MM_Royal_Cheese|9.90|na"|1 Menu Medium Royal Cheese = Fr. 9.90|2018-04-30 00:00:00 +00:00|2018-05-13 23:59:00 +00:00|McDonald's behält sich das Recht vor, dieses Angebot jederzeit zurückzuziehen. Gültig nur in der Schweiz und im Fürstentum Liechtenstein. 1 Angebot gültig pro Bestellung.|2018-04-29 08:52:27 +00:00|False||16469433|True|1||1||||False|op3129_en.png||||0,1,2,3,4,5,6|||False||False|||False||False||False||True||
4067|42|579|40|"20180430|1_MM_6_CMN_1_HM|15.90|na"|1 Menu Medium 6 Chicken McNuggets + 1 Happy Meal = Fr. 15.90|2018-04-30 00:00:00 +00:00|2018-05-13 23:59:00 +00:00|McDonald's behält sich das Recht vor, dieses Angebot jederzeit zurückzuziehen. Gültig nur in der Schweiz und im Fürstentum Liechtenstein. 1 Angebot gültig pro Bestellung.|2018-04-29 09:02:47 +00:00|False||16497122|True|1||1||||False|op3332_en.png|{hideexpiredate:true}|||0,1,2,3,4,5,6|||False||False|||False||False||False||True|" Switzerland_CRM_OfferA"|
4068|43|579|39|"20180430|4_chicken_nuggets|2.00|na"|4 Chicken McNuggets = Fr. 2.-|2018-04-30 00:00:00 +00:00|2018-05-13 23:59:00 +00:00|McDonald's behält sich das Recht vor, dieses Angebot jederzeit zurückzuziehen. Gültig nur in der Schweiz und im Fürstentum Liechtenstein. 1 Angebot gültig pro Bestellung.|2018-04-29 09:11:22 +00:00|False||46543721|True|1||1||||False|op4068_en.png||||0,1,2,3,4,5,6|||False||False|||False||False||False||True|" Switzerland_Growth_Active"|
4069|42|579|39|"20180430|4_chicken_nuggets|2.00|na"|4 Chicken McNuggets = Fr. 2.-|2018-04-30 00:00:00 +00:00|2018-05-13 23:59:00 +00:00|McDonald's behält sich das Recht vor, dieses Angebot jederzeit zurückzuziehen. Gültig nur in der Schweiz und im Fürstentum Liechtenstein. 1 Angebot gültig pro Bestellung.|2018-04-29 09:01:08 +00:00|False||46543721|True|1||1||||False|op4069_en.png||||0,1,2,3,4,5,6|||False||False|||False||False||False||True|" Switzerland_CRM_OfferA"|
4071|43|579|39|"20180430|1_MM_McChicken_1_Cheeseburger|12.80|na"|1 Menu Medium McChicken = 1 Cheeseburger|2018-04-30 00:00:00 +00:00|2018-05-13 23:59:00 +00:00|McDonald's behält sich das Recht vor, dieses Angebot jederzeit zurückzuziehen. Gültig nur in der Schweiz und im Fürstentum Liechtenstein. 1 Angebot gültig pro Bestellung.|2018-04-29 09:14:37 +00:00|False||16386174|True|1||1||||False|op3335_en.png|{hideexpiredate:true}|||0,1,2,3,4,5,6|||False||False|||False||False||False||True|" Switzerland_Growth_Active"|
4073|43|579|38|"20180430|1_MM_Big_Mac_1_Mc_Flurry|13.00|beef"|1 Menu Medium Big Mac = 1 McFlurry|2018-04-30 00:00:00 +00:00|2018-05-13 23:59:00 +00:00|McDonald's behält sich das Recht vor, dieses Angebot jederzeit zurückzuziehen. Gültig nur in der Schweiz und im Fürstentum Liechtenstein. 1 Angebot gültig pro Bestellung.|2018-04-29 09:17:32 +00:00|False||16319141|True|1||1||||False|op3139_en.png||||0,1,2,3,4,5,6|||False||False|||False||False||False||True|" Beef_Sandwiches_And_Wraps_Regular, Switzerland_Growth_Active"|
4075|43|579|40|"20180430|1_MM_6_CMN_1_HM|15.90|family"|1 Menu Medium 6 Chicken McNuggets + 1 Happy Meal = Fr. 15.90|2018-04-30 00:00:00 +00:00|2018-05-13 23:59:00 +00:00|McDonald's behält sich das Recht vor, dieses Angebot jederzeit zurückzuziehen. Gültig nur in der Schweiz und im Fürstentum Liechtenstein. 1 Angebot gültig pro Bestellung.|2018-04-30 06:09:39 +00:00|False||16497122|True|1||1||||False|op3332_en.png|{hideexpiredate:true}|||0,1,2,3,4,5,6|||False||False|||False||False||False||True|" Happy_Meal_Family_Regular, Switzerland_Growth_Active"|
4076|43|579|52|"20180430|1_MM_Big_Mac_1_Mc_Flurry|13.00|sweet_coffee"|1 Menu Medium Big Mac = 1 McFlurry|2018-04-30 00:00:00 +00:00|2018-05-13 23:59:00 +00:00|McDonald's behält sich das Recht vor, dieses Angebot jederzeit zurückzuziehen. Gültig nur in der Schweiz und im Fürstentum Liechtenstein. 1 Angebot gültig pro Bestellung.|2018-04-29 09:20:17 +00:00|False||16319141|True|1||1||||False|op3139_en.png||||0,1,2,3,4,5,6|||False||False|||False||False||False||True|" sweet_coffee_regular, Switzerland_Growth_Active"|
4080|42|579|38|"20180430|1_MM_BigTasty|10.90|na"|1 Menu Medium Big Tasty* = Fr. 10.90|2018-04-30 00:00:00 +00:00|2018-05-13 23:59:00 +00:00|McDonald's behält sich das Recht vor, dieses Angebot jederzeit zurückzuziehen. Gültig nur in der Schweiz und im Fürstentum Liechtenstein. 1 Angebot gültig pro Bestellung.|2018-04-29 08:59:00 +00:00|False||82601744|True|1||1||||False|op4080_en.png||||0,1,2,3,4,5,6|||False||False|||False||False||False||True|" Switzerland_CRM_OfferA"|
4082|40|579|39|"20180430|1_MM_CBO|9.90|na"|1 Menu Medium CBO = Fr. 9.90|2018-04-30 00:00:00 +00:00|2018-05-13 23:59:00 +00:00|McDonald's behält sich das Recht vor, dieses Angebot jederzeit zurückzuziehen. Gültig nur in der Schweiz und im Fürstentum Liechtenstein. 1 Angebot gültig pro Bestellung.|2018-04-29 08:55:25 +00:00|False||63965414|True|1||1||||False|op4082_en.png||||0,1,2,3,4,5,6|||False||False|||False||False||False||True||
4083|43|579|39|"20180430|1_MM_CBO|9.90|chicken"|1 Menu Medium CBO = Fr. 9.90|2018-04-30 00:00:00 +00:00|2018-05-13 23:59:00 +00:00|McDonald's behält sich das Recht vor, dieses Angebot jederzeit zurückzuziehen. Gültig nur in der Schweiz und im Fürstentum Liechtenstein. 1 Angebot gültig pro Bestellung.|2018-04-29 09:27:11 +00:00|False||63965414|True|1||1||||False|op4083_en.png||||0,1,2,3,4,5,6|||False||False|||False||False||False||True|" Chicken_Sandwiches_And_Wraps_Regular, Switzerland_Growth_Active"|
4287|40|579|38|"20180430|1_MM_Royal_Cheese|9.90|na"|1 Menu Medium Royal Cheese = Fr. 9.90|2018-05-14 00:00:00 +00:00|2018-05-27 23:59:00 +00:00|McDonald's behält sich das Recht vor, dieses Angebot jederzeit zurückzuziehen. Gültig nur in der Schweiz und im Fürstentum Liechtenstein. 1 Angebot gültig pro Bestellung.|2018-05-11 13:54:51 +00:00|False||16469433|True|1||1||||False|op3129_en.png||||0,1,2,3,4,5,6|||False||False|||False||False||False||True||
4288|40|579|39|"20180430|1_MM_CBO|9.90|na"|1 Menu Medium CBO = Fr. 9.90|2018-05-14 00:00:00 +00:00|2018-05-27 23:59:00 +00:00|McDonald's behält sich das Recht vor, dieses Angebot jederzeit zurückzuziehen. Gültig nur in der Schweiz und im Fürstentum Liechtenstein. 1 Angebot gültig pro Bestellung.|2018-05-11 13:57:30 +00:00|False||63965414|True|1||1||||False|op4082_en.png||||0,1,2,3,4,5,6|||False||False|||False||False||False||True||
4289|42|579|38|"20180430|1_MM_BigTasty|10.90|na"|1 Menu Medium Big Tasty* = Fr. 10.90|2018-05-14 00:00:00 +00:00|2018-05-27 23:59:00 +00:00|McDonald's behält sich das Recht vor, dieses Angebot jederzeit zurückzuziehen. Gültig nur in der Schweiz und im Fürstentum Liechtenstein. 1 Angebot gültig pro Bestellung.|2018-05-11 13:58:21 +00:00|False||82601744|True|1||1||||False|op4080_en.png||||0,1,2,3,4,5,6|||False||False|||False||False||False||True|" Switzerland_CRM_OfferA"|
4290|42|579|39|"20180430|4_chicken_nuggets|2.00|na"|4 Chicken McNuggets = Fr. 2.-|2018-05-14 00:00:00 +00:00|2018-05-27 23:59:00 +00:00|McDonald's behält sich das Recht vor, dieses Angebot jederzeit zurückzuziehen. Gültig nur in der Schweiz und im Fürstentum Liechtenstein. 1 Angebot gültig pro Bestellung.|2018-05-11 13:58:50 +00:00|False||46543721|True|1||1||||False|op4069_en.png||||0,1,2,3,4,5,6|||False||False|||False||False||False||True|" Switzerland_CRM_OfferA"|
4291|42|579|40|"20180430|1_MM_6_CMN_1_HM|15.90|na"|1 Menu Medium 6 Chicken McNuggets + 1 Happy Meal = Fr. 15.90|2018-05-14 00:00:00 +00:00|2018-05-27 23:59:00 +00:00|McDonald's behält sich das Recht vor, dieses Angebot jederzeit zurückzuziehen. Gültig nur in der Schweiz und im Fürstentum Liechtenstein. 1 Angebot gültig pro Bestellung.|2018-05-11 13:59:24 +00:00|False||16497122|True|1||1||||False|op3332_en.png|{hideexpiredate:true}|||0,1,2,3,4,5,6|||False||False|||False||False||False||True|" Switzerland_CRM_OfferA"|
4292|43|579|38|"20180430|1_MM_Big_Mac_1_Mc_Flurry|13.00|beef"|1 Menu Medium Big Mac = 1 McFlurry|2018-05-14 00:00:00 +00:00|2018-05-27 23:59:00 +00:00|McDonald's behält sich das Recht vor, dieses Angebot jederzeit zurückzuziehen. Gültig nur in der Schweiz und im Fürstentum Liechtenstein. 1 Angebot gültig pro Bestellung.|2018-05-11 15:14:05 +00:00|False||16319141|True|1||1||||False|op3139_en.png||||0,1,2,3,4,5,6|||False||False|||False||False||False||True|" Switzerland_Growth_Active"|
4293|43|579|39|"20180430|1_MM_McChicken_1_Cheeseburger|12.80|na"|1 Menu Medium McChicken = 1 Cheeseburger|2018-05-14 00:00:00 +00:00|2018-05-27 23:59:00 +00:00|McDonald's behält sich das Recht vor, dieses Angebot jederzeit zurückzuziehen. Gültig nur in der Schweiz und im Fürstentum Liechtenstein. 1 Angebot gültig pro Bestellung.|2018-05-11 15:14:30 +00:00|False||16386174|True|1||1||||False|op3335_en.png|{hideexpiredate:true}|||0,1,2,3,4,5,6|||False||False|||False||False||False||True|" Switzerland_Growth_Active"|
4294|43|579|38|"20180430|1_MM_BigTasty|10.90|beef"|1 Menu Medium Big Tasty* = Fr. 10.90|2018-05-14 00:00:00 +00:00|2018-05-27 23:59:00 +00:00|McDonald's behält sich das Recht vor, dieses Angebot jederzeit zurückzuziehen. Gültig nur in der Schweiz und im Fürstentum Liechtenstein. 1 Angebot gültig pro Bestellung.|2018-05-16 13:58:10 +00:00|False||82601744|True|1||1||||False|op4080_en.png||||0,1,2,3,4,5,6|||False||False|||False||False||False||True|" Beef_Sandwiches_And_Wraps_Regular, Switzerland_Growth_Active"|
4295|43|579|39|"20180430|4_chicken_nuggets|2.00|na"|4 Chicken McNuggets = Fr. 2.-|2018-05-14 00:00:00 +00:00|2018-05-27 23:59:00 +00:00|McDonald's behält sich das Recht vor, dieses Angebot jederzeit zurückzuziehen. Gültig nur in der Schweiz und im Fürstentum Liechtenstein. 1 Angebot gültig pro Bestellung.|2018-05-11 15:16:14 +00:00|False||46543721|True|1||1||||False|op4068_en.png||||0,1,2,3,4,5,6|||False||False|||False||False||False||True|" Chicken_Sandwiches_And_Wraps_Regular, Switzerland_Growth_Active"|
4296|43|579|40|"20180430|1_MM_6_CMN_1_HM|15.90|family"|1 Menu Medium 6 Chicken McNuggets + 1 Happy Meal = Fr. 15.90|2018-05-14 00:00:00 +00:00|2018-05-27 23:59:00 +00:00|McDonald's behält sich das Recht vor, dieses Angebot jederzeit zurückzuziehen. Gültig nur in der Schweiz und im Fürstentum Liechtenstein. 1 Angebot gültig pro Bestellung.|2018-05-14 08:36:11 +00:00|False||16497122|True|1||1||||False|op3332_en.png|{hideexpiredate:true}|||0,1,2,3,4,5,6|||False||False|||False||False||False||True|" Happy_Meal_Family_Regular, Switzerland_Growth_Active"|
4297|43|579|38|"20180430|1_MM_Big_Mac_1_Mc_Flurry|13.00|sweet_coffee"|1 Menu Medium Big Mac = 1 McFlurry|2018-05-14 00:00:00 +00:00|2018-05-27 23:59:00 +00:00|McDonald's behält sich das Recht vor, dieses Angebot jederzeit zurückzuziehen. Gültig nur in der Schweiz und im Fürstentum Liechtenstein. 1 Angebot gültig pro Bestellung.|2018-05-11 15:19:19 +00:00|False||16319141|True|1||1||||False|op3139_en.png||||0,1,2,3,4,5,6|||False||False|||False||False||False||True|" sweet_coffee_regular, Switzerland_Growth_Active"|
4379|330|579|52|"20180516|1_Mc_Flurry|2.90|na"|1 McFlurry = Fr. 2.90|2018-05-16 00:00:00 +00:00|2018-06-14 23:59:00 +00:00|Gültig vom 16.05. bis 14.06.2018. 1 Bon pro Person. Nicht kumulierbar mit anderen Spezialangeboten. Angebot gültig in allen McDonald’s® Restaurants der Schweiz und im Fürstentum Liechtenstein.|2018-05-15 16:35:54 +00:00|False||11963714|True|1||1||||False|op4379_en.png||1140|330|0,1,2,3,4,5,6|3||False||False|||True|1|False||False||True||
4381|330|579|38|"20180516|1_Cheeseburger_Royal5.00|na"|1 Cheeseburger Royal = Fr. 5.-|2018-05-16 00:00:00 +00:00|2018-06-14 23:59:00 +00:00|Gültig vom 16.05. bis 14.06.2018. 1 Bon pro Person. Nicht kumulierbar mit anderen Spezialangeboten. Angebot gültig in allen McDonald’s® Restaurants der Schweiz und im Fürstentum Liechtenstein.|2018-05-16 12:11:30 +00:00|False||45156830|True|1||1||||False|op4381_en.png||1140|330|0,1,2,3,4,5,6|2||False||False|||True|1|False||False||True|||
4382|330|579|38|"20180516|2_Cheeseburger|4.00|na"|"2 Cheeseburger = Fr. 4.- "|2018-05-16 00:00:00 +00:00|2018-06-14 23:59:00 +00:00|Gültig vom 16.05. bis 14.06.2018. 1 Bon pro Person. Nicht kumulierbar mit anderen Spezialangeboten. Angebot gültig in allen McDonald’s® Restaurants der Schweiz und im Fürstentum Liechtenstein.|2018-05-15 16:34:44 +00:00|False||45149146|True|1||1||||False|op4382_en.png||1140|330|0,1,2,3,4,5,6|7||False||False|||True|1|False||False||True||
4383|330|579|39|"20180516|2_Share_Bucketl|20.00|na"|" 2 Share Bucket = Fr. 20.-"|2018-05-16 00:00:00 +00:00|2018-06-10 23:59:00 +00:00|Gültig vom 16.05. bis 14.06.2018. 1 Bon pro Person. Nicht kumulierbar mit anderen Spezialangeboten. Angebot gültig in allen McDonald’s® Restaurants der Schweiz und im Fürstentum Liechtenstein.|2018-06-06 09:16:11 +00:00|False||11997825|True|1||1||||False|op4383_en.png||1140|330|0,1,2,3,4,5,6|6||False||False|||True|1|False||False||True||
4384|330|579|50|"20180516|1_MS_Filet-o-Fish|7.00|na"|1 Menu Small Filet-O-Fish = Fr. 7.-|2018-05-16 00:00:00 +00:00|2018-06-14 23:59:00 +00:00|Gültig vom 16.05. bis 14.06.2018. 1 Bon pro Person. Nicht kumulierbar mit anderen Spezialangeboten. Angebot gültig in allen McDonald’s® Restaurants der Schweiz und im Fürstentum Liechtenstein.|2018-05-16 12:10:35 +00:00|False||11972815|True|1||1||||False|op4384_en.png||1140|330|0,1,2,3,4,5,6|4||False||False|||True|1|False||False||True||
4385|330|579|39|"20180516|1_Mc_Chicken|7.00|na"|1 Menu Small McChicken = Fr. 7.-|2018-05-16 00:00:00 +00:00|2018-06-14 23:59:00 +00:00|Gültig vom 16.05. bis 14.06.2018. 1 Bon pro Person. Nicht kumulierbar mit anderen Spezialangeboten. Angebot gültig in allen McDonald’s® Restaurants der Schweiz und im Fürstentum Liechtenstein.|2018-05-15 16:35:33 +00:00|False||11986416|True|1||1||||False|op4385_en.png||1140|330|0,1,2,3,4,5,6|5||False||False|||True|1|False||False||True||
4386|330|579|52|"20180516|1_Coffeel1.00|na"|1 Coffee = Fr. 1.-|2018-05-16 00:00:00 +00:00|2018-06-14 23:59:00 +00:00|Gültig vom 16.05. bis 14.06.2018. 1 Bon pro Person. Nicht kumulierbar mit anderen Spezialangeboten. Angebot gültig in allen McDonald’s® Restaurants der Schweiz und im Fürstentum Liechtenstein.|2018-05-15 16:36:09 +00:00|False||87005196|True|1||1||||False|op4386_en.png||1140|330|0,1,2,3,4,5,6|1||False||False|||True|1|False||False||True|||
4458|40|579|39|"20180604|9_chicken_nuggets|5.90|na"|9 Chicken McNuggets = Fr. 5.90|2018-06-04 00:00:00 +00:00|2018-06-17 23:59:00 +00:00|McDonald's behält sich das Recht vor, dieses Angebot jederzeit zurückzuziehen. Gültig nur in der Schweiz und im Fürstentum Liechtenstein. 1 Angebot gültig pro Bestellung.|2018-06-01 14:25:42 +00:00|False||18127614|True|1||1||||False|op4458_en.png||||0,1,2,3,4,5,6|||False||False|||False||False||False||True||
4460|40|579|38|"20180604|1_MM_Royal_Cheese|13.00|na"|1 Menu Medium Royal Cheese = Cheese|2018-06-04 00:00:00 +00:00|2018-06-17 23:59:00 +00:00|McDonald's behält sich das Recht vor, dieses Angebot jederzeit zurückzuziehen. Gültig nur in der Schweiz und im Fürstentum Liechtenstein. 1 Angebot gültig pro Bestellung.|2018-06-01 14:27:24 +00:00|False||16883642|True|1||1||||False|op4460_en.png||||0,1,2,3,4,5,6|||False||False|||False||False||False||True||
4461|42|579|39|"20180604|4_chicken_nuggets|2.00|na"|4 Chicken McNuggets = Fr. 2.-|2018-06-04 00:00:00 +00:00|2018-06-17 23:59:00 +00:00|McDonald's behält sich das Recht vor, dieses Angebot jederzeit zurückzuziehen. Gültig nur in der Schweiz und im Fürstentum Liechtenstein. 1 Angebot gültig pro Bestellung.|2018-06-01 14:30:41 +00:00|False||46542175|True|1||1||||False|op4069_en.png||||0,1,2,3,4,5,6|||False||False|||False||False||False||True|" Switzerland_CRM_OfferA"|
4464|42|579|38|"20180604|1_MM_BigTasty|10.90|na"|1 Menu Medium Big Tasty* = Fr. 10.90|2018-06-04 00:00:00 +00:00|2018-06-17 23:59:00 +00:00|McDonald's behält sich das Recht vor, dieses Angebot jederzeit zurückzuziehen. Gültig nur in der Schweiz und im Fürstentum Liechtenstein. 1 Angebot gültig pro Bestellung.|2018-06-15 14:04:17 +00:00|False||82605926|True|1||1||||False|op4080_en.png||||0,1,2,3,4,5,6|||False||False|||False||False||False||True|" Switzerland_CRM_OfferA"|
4466|42|579|40|"20180604|1_HM|5.00|na"|1 Happy Meal = Fr. 5.-|2018-06-04 00:00:00 +00:00|2018-06-17 23:59:00 +00:00|McDonald's behält sich das Recht vor, dieses Angebot jederzeit zurückzuziehen. Gültig nur in der Schweiz und im Fürstentum Liechtenstein. 1 Angebot gültig pro Bestellung.|2018-06-01 14:29:43 +00:00|False||32005721|True|1||1||||False|op3134_en.png||||0,1,2,3,4,5,6|||False||False|||False||False||False||True|" Switzerland_CRM_OfferA"|
4468|43|579|38|"20180604|1_double_cheeseburger|3.80|beef"|1 Double Cheeseburger = Fr. 3.80|2018-06-04 00:00:00 +00:00|2018-06-17 23:59:00 +00:00|McDonald's behält sich das Recht vor, dieses Angebot jederzeit zurückzuziehen. Gültig nur in der Schweiz und im Fürstentum Liechtenstein. 1 Angebot gültig pro Bestellung.|2018-06-05 07:14:49 +00:00|False||72426562|True|1||1||||False|op4468_en.png||||0,1,2,3,4,5,6|||False||False|||False||False||False||True|" Beef_Sandwiches_And_Wraps_Regular, Switzerland_Growth_Active"|
4470|43|579|38|"20180604|1_MM_BigTasty|10.90|na"|1 Menu Medium Big Tasty* = Fr. 10.90|2018-06-04 00:00:00 +00:00|2018-06-17 23:59:00 +00:00|McDonald's behält sich das Recht vor, dieses Angebot jederzeit zurückzuziehen. Gültig nur in der Schweiz und im Fürstentum Liechtenstein. 1 Angebot gültig pro Bestellung.|2018-06-01 14:54:26 +00:00|False||82605926|True|1||1||||False|op4080_en.png||||0,1,2,3,4,5,6|||False||False|||False||False||False||True|" Switzerland_Growth_Active"|
4471|43|579|40|"20180604|1_HM|5.00|family"|1 Happy Meal = Fr. 5.-|2018-06-04 00:00:00 +00:00|2018-06-17 23:59:00 +00:00|McDonald's behält sich das Recht vor, dieses Angebot jederzeit zurückzuziehen. Gültig nur in der Schweiz und im Fürstentum Liechtenstein. 1 Angebot gültig pro Bestellung.|2018-06-01 14:41:08 +00:00|False||32005721|True|1||1||||False|op3134_en.png||||0,1,2,3,4,5,6|||False||False|||False||False||False||True|" Happy_Meal_Family_Regular, Switzerland_Growth_Active"|
4475|43|579|44|"20180604|1_small_drink|1.50|na"|Gültig für folgende Getränke, vorbehaltlich Verfügbarkeit des Restaurants: Small Coca-Cola, Small Coca-Cola Light, Small Coca-Cola Zéro, Small Fanta Zéro, Small Lipton Ice Tea, Small Sprite zéro, Henniez natuelle (0.33l), Henniez légère (0.33l), Apfelshorle (0.33l), Tropicana (0.25l).|2018-06-04 00:00:00 +00:00|2018-06-17 23:59:00 +00:00|McDonald's behält sich das Recht vor, dieses Angebot jederzeit zurückzuziehen. Gültig nur in der Schweiz und im Fürstentum Liechtenstein. 1 Angebot gültig pro Bestellung.|2018-06-01 15:04:52 +00:00|False||16903197|True|1||1||||False|op4475_en.png||||0,1,2,3,4,5,6|||False||False|||False||False||False||True|" Switzerland_Growth_Active"|
4476|43|579|39|"20180604|1_MM_CBO_4_CMN|13.80|chicken"|" 1 Menu Medium CBO = 4 Chicken McNuggets"|2018-06-04 00:00:00 +00:00|2018-06-17 23:59:00 +00:00|McDonald's behält sich das Recht vor, dieses Angebot jederzeit zurückzuziehen. Gültig nur in der Schweiz und im Fürstentum Liechtenstein. 1 Angebot gültig pro Bestellung.|2018-06-01 14:44:21 +00:00|False||17084352|True|1||1||||False|op4476_en.png|{hideexpiredate:true}|||0,1,2,3,4,5,6|||False||False|||False||False||False||True|" Chicken_Sandwiches_And_Wraps_Regular, Switzerland_Growth_Active"|
4477|43|579|52|"20180604|1_MM_6_CMN_1_Mc_Flurry|11.20|sweet_coffee"|1 Menu Medium 6 Chicken McNuggets = 1 McFlurry|2018-06-04 00:00:00 +00:00|2018-06-17 23:59:00 +00:00|McDonald's behält sich das Recht vor, dieses Angebot jederzeit zurückzuziehen. Gültig nur in der Schweiz und im Fürstentum Liechtenstein. 1 Angebot gültig pro Bestellung.|2018-06-01 14:38:13 +00:00|False||16898325|True|1||1||||False|op4477_en.png||||0,1,2,3,4,5,6|||False||False|||False||False||False||True|" sweet_coffee_regular, Switzerland_Growth_Active"|
4535|40|579|39|"20180528|1_MM_CBO|9.90|na"|1 Menu Medium CBO = Fr. 9.90|2018-05-28 00:00:00 +00:00|2018-06-03 23:59:00 +00:00|McDonald's behält sich das Recht vor, dieses Angebot jederzeit zurückzuziehen. Gültig nur in der Schweiz und im Fürstentum Liechtenstein. 1 Angebot gültig pro Bestellung.|2018-05-25 13:18:19 +00:00|False||63965414|True|1||1||||False|op4082_en.png||||0,1,2,3,4,5,6|||False||False|||False||False||False||True||
4537|40|579|38|"20180528|1_MM_Royal_Cheese|9.90|na"|1 Menu Medium Royal Cheese = Fr. 9.90|2018-05-28 00:00:00 +00:00|2018-06-03 23:59:00 +00:00|McDonald's behält sich das Recht vor, dieses Angebot jederzeit zurückzuziehen. Gültig nur in der Schweiz und im Fürstentum Liechtenstein. 1 Angebot gültig pro Bestellung.|2018-05-25 13:19:34 +00:00|False||16469433|True|1||1||||False|op3129_en.png||||0,1,2,3,4,5,6|||False||False|||False||False||False||True||
4539|42|579|38|"20180528|1_MM_BigTasty|10.90|na"|1 Menu Medium Big Tasty* = Fr. 10.90|2018-05-28 00:00:00 +00:00|2018-06-03 23:59:00 +00:00|McDonald's behält sich das Recht vor, dieses Angebot jederzeit zurückzuziehen. Gültig nur in der Schweiz und im Fürstentum Liechtenstein. 1 Angebot gültig pro Bestellung.|2018-05-25 13:25:14 +00:00|False||82601744|True|1||1||||False|op4080_en.png||||0,1,2,3,4,5,6|||False||False|||False||False||False||True|" Switzerland_CRM_OfferA"|
4540|42|579|39|"20180528|4_chicken_nuggets|2.00|na"|4 Chicken McNuggets = Fr. 2.-|2018-05-28 00:00:00 +00:00|2018-06-03 23:59:00 +00:00|McDonald's behält sich das Recht vor, dieses Angebot jederzeit zurückzuziehen. Gültig nur in der Schweiz und im Fürstentum Liechtenstein. 1 Angebot gültig pro Bestellung.|2018-05-25 13:27:11 +00:00|False||46543721|True|1||1||||False|op4069_en.png||||0,1,2,3,4,5,6|||False||False|||False||False||False||True|" Switzerland_CRM_OfferA"|
4541|42|579|40|"20180528|1_MM_6_CMN_1_HM|15.90|na"|1 Menu Medium 6 Chicken McNuggets + 1 Happy Meal = Fr. 15.90|2018-05-28 00:00:00 +00:00|2018-06-03 23:59:00 +00:00|McDonald's behält sich das Recht vor, dieses Angebot jederzeit zurückzuziehen. Gültig nur in der Schweiz und im Fürstentum Liechtenstein. 1 Angebot gültig pro Bestellung.|2018-05-25 13:27:52 +00:00|False||16497122|True|1||1||||False|op3332_en.png|{hideexpiredate:true}|||0,1,2,3,4,5,6|||False||False|||False||False||False||True|" Switzerland_CRM_OfferA"|
4543|43|579|38|"20180528|1_MM_Big_Mac_1_Mc_Flurry|13.00|na"|1 Menu Medium Big Mac = 1 McFlurry|2018-05-28 00:00:00 +00:00|2018-06-03 23:59:00 +00:00|McDonald's behält sich das Recht vor, dieses Angebot jederzeit zurückzuziehen. Gültig nur in der Schweiz und im Fürstentum Liechtenstein. 1 Angebot gültig pro Bestellung.|2018-06-01 14:03:38 +00:00|False||16319141|True|1||1||||False|op4543_en.png||||0,1,2,3,4,5,6|8||False||False|||False||False||False||True|" Switzerland_Growth_Active"|
4545|43|579|39|"20180528|1_MM_McChicken_1_Cheeseburger|12.80|na"|1 Menu Medium McChicken = 1 Cheeseburger|2018-05-28 00:00:00 +00:00|2018-06-03 23:59:00 +00:00|McDonald's behält sich das Recht vor, dieses Angebot jederzeit zurückzuziehen. Gültig nur in der Schweiz und im Fürstentum Liechtenstein. 1 Angebot gültig pro Bestellung.|2018-06-01 08:33:47 +00:00|False||16386174|True|1||1||||False|op3335_en.png|{hideexpiredate:true}|||0,1,2,3,4,5,6|9||False||False|||False||False||False||True|" Switzerland_Growth_Active"|
4547|43|579|39|"20180528|4_chicken_nuggets|2.00|chicken"|4 Chicken McNuggets = Fr. 2.-|2018-05-28 00:00:00 +00:00|2018-06-03 23:59:00 +00:00|McDonald's behält sich das Recht vor, dieses Angebot jederzeit zurückzuziehen. Gültig nur in der Schweiz und im Fürstentum Liechtenstein. 1 Angebot gültig pro Bestellung.|2018-05-25 13:32:10 +00:00|False||46543721|True|1||1||||False|op4068_en.png||||0,1,2,3,4,5,6|||False||False|||False||False||False||True|" Chicken_Sandwiches_And_Wraps_Regular, Switzerland_Growth_Active"|
4549|43|579|38|"20180528|1_MM_Big_Mac_1_Mc_Flurry|13.00|sweet_coffee"|1 Menu Medium Big Mac = 1 McFlurry|2018-05-28 00:00:00 +00:00|2018-06-03 23:59:00 +00:00|McDonald's behält sich das Recht vor, dieses Angebot jederzeit zurückzuziehen. Gültig nur in der Schweiz und im Fürstentum Liechtenstein. 1 Angebot gültig pro Bestellung.|2018-05-25 13:33:33 +00:00|False||16319141|True|1||1||||False|op3139_en.png||||0,1,2,3,4,5,6|||False||False|||False||False||False||True|" sweet_coffee_regular, Switzerland_Growth_Active"|
4551|43|579|40|"20180528|1_MM_6_CMN_1_HM|15.90|family"|1 Menu Medium 6 Chicken McNuggets + 1 Happy Meal = Fr. 15.90|2018-05-28 00:00:00 +00:00|2018-06-03 23:59:00 +00:00|McDonald's behält sich das Recht vor, dieses Angebot jederzeit zurückzuziehen. Gültig nur in der Schweiz und im Fürstentum Liechtenstein. 1 Angebot gültig pro Bestellung.|2018-05-25 13:34:10 +00:00|False||16497122|True|1||1||||False|op3332_en.png|{hideexpiredate:true}|||0,1,2,3,4,5,6|||False||False|||False||False||False||True|" Happy_Meal_Family_Regular, Switzerland_Growth_Active"|
4553|43|579|38|"20180528|1_MM_BigTasty|10.90|beef"|1 Menu Medium Big Tasty* = Fr. 10.90|2018-05-28 00:00:00 +00:00|2018-06-03 23:59:00 +00:00|McDonald's behält sich das Recht vor, dieses Angebot jederzeit zurückzuziehen. Gültig nur in der Schweiz und im Fürstentum Liechtenstein. 1 Angebot gültig pro Bestellung.|2018-05-25 13:35:02 +00:00|False||82601744|True|1||1||||False|op4080_en.png||||0,1,2,3,4,5,6|||False||False|||False||False||False||True|" Beef_Sandwiches_And_Wraps_Regular, Switzerland_Growth_Active"|
5448|40|579|39|"20180618|1_MM_CBO_4_CMN|13.80|na"|" 1 Menu Medium CBO = 4 Chicken McNuggets"|2018-06-18 00:00:00 +00:00|2018-07-01 23:59:00 +00:00|McDonald's behält sich das Recht vor, dieses Angebot jederzeit zurückzuziehen. Gültig nur in der Schweiz und im Fürstentum Liechtenstein. 1 Angebot gültig pro Bestellung.|2018-06-15 14:33:30 +00:00|False||17084352|True|1||1||||False|op4476_en.png|{hideexpiredate:true}|||0,1,2,3,4,5,6|||False||False|||False||False||False||True||
5449|40|579|38|"20180618|1_MM_Royal_Cheese|13.00|na"|1 Menu Medium Royal Cheese = Cheese|2018-06-18 00:00:00 +00:00|2018-07-01 23:59:00 +00:00|McDonald's behält sich das Recht vor, dieses Angebot jederzeit zurückzuziehen. Gültig nur in der Schweiz und im Fürstentum Liechtenstein. 1 Angebot gültig pro Bestellung.|2018-06-18 09:55:05 +00:00|False||16883642|True|1||1||||False|op4460_en.png||||0,1,2,3,4,5,6|||False||False|||False||False||False||True||
5450|42|579|38|"20180618|1_MM_BigTasty|10.90|na"|1 Menu Medium Big Tasty* = Fr. 10.90|2018-06-18 00:00:00 +00:00|2018-07-01 23:59:00 +00:00|McDonald's behält sich das Recht vor, dieses Angebot jederzeit zurückzuziehen. Gültig nur in der Schweiz und im Fürstentum Liechtenstein. 1 Angebot gültig pro Bestellung.|2018-06-15 14:36:25 +00:00|False||82605926|True|1||1||||False|op4080_en.png||||0,1,2,3,4,5,6|||False||False|||False||False||False||True|" Switzerland_CRM_OfferA"|
5451|42|579|39|"20180618|4_chicken_nuggets|2.00|na"|4 Chicken McNuggets = Fr. 2.-|2018-06-18 00:00:00 +00:00|2018-07-01 23:59:00 +00:00|McDonald's behält sich das Recht vor, dieses Angebot jederzeit zurückzuziehen. Gültig nur in der Schweiz und im Fürstentum Liechtenstein. 1 Angebot gültig pro Bestellung.|2018-06-15 14:35:38 +00:00|False||46542175|True|1||1||||False|op4069_en.png||||0,1,2,3,4,5,6|||False||False|||False||False||False||True|" Switzerland_CRM_OfferA"|
5452|42|579|40|"20180618|1_HM|5.00|na"|1 Happy Meal = Fr. 5.-|2018-06-18 00:00:00 +00:00|2018-07-01 23:59:00 +00:00|McDonald's behält sich das Recht vor, dieses Angebot jederzeit zurückzuziehen. Gültig nur in der Schweiz und im Fürstentum Liechtenstein. 1 Angebot gültig pro Bestellung.|2018-06-15 14:34:35 +00:00|False||32005721|True|1||1||||False|op3134_en.png||||0,1,2,3,4,5,6|||False||False|||False||False||False||True|" Switzerland_CRM_OfferA"|
5453|43|579|38|"20180618|1_MM_BigTasty|10.90|na"|1 Menu Medium Big Tasty* = Fr. 10.90|2018-06-18 00:00:00 +00:00|2018-07-01 23:59:00 +00:00|McDonald's behält sich das Recht vor, dieses Angebot jederzeit zurückzuziehen. Gültig nur in der Schweiz und im Fürstentum Liechtenstein. 1 Angebot gültig pro Bestellung.|2018-06-15 14:45:08 +00:00|False||82605926|True|1||1||||False|op4080_en.png||||0,1,2,3,4,5,6|||False||False|||False||False||False||True|" Switzerland_Growth_Active"|
5454|43|579|52|"20180618|1_MM_6_CMN_1_Mc_Flurry|11.20|sweet_coffee"|1 Menu Medium 6 Chicken McNuggets = 1 McFlurry|2018-06-18 00:00:00 +00:00|2018-07-01 23:59:00 +00:00|McDonald's behält sich das Recht vor, dieses Angebot jederzeit zurückzuziehen. Gültig nur in der Schweiz und im Fürstentum Liechtenstein. 1 Angebot gültig pro Bestellung.|2018-06-15 14:44:12 +00:00|False||16898325|True|1||1||||False|op4477_en.png||||0,1,2,3,4,5,6|||False||False|||False||False||False||True|" Switzerland_Growth_Active"|
5455|43|579|38|"20180618|1_double_cheeseburger|3.80|beef"|1 Double Cheeseburger = Fr. 3.80|2018-06-18 00:00:00 +00:00|2018-07-01 23:59:00 +00:00|McDonald's behält sich das Recht vor, dieses Angebot jederzeit zurückzuziehen. Gültig nur in der Schweiz und im Fürstentum Liechtenstein. 1 Angebot gültig pro Bestellung.|2018-06-15 14:38:04 +00:00|False||72426562|True|1||1||||False|op4468_en.png||||0,1,2,3,4,5,6|||False||False|||False||False||False||True|" Beef_Sandwiches_And_Wraps_Regular, Switzerland_Growth_Active"|
5456|43|579|39|"20180618|9_chicken_nuggets|5.90|chicken"|9 Chicken McNuggets = Fr. 5.90|2018-06-18 00:00:00 +00:00|2018-07-01 23:59:00 +00:00|McDonald's behält sich das Recht vor, dieses Angebot jederzeit zurückzuziehen. Gültig nur in der Schweiz und im Fürstentum Liechtenstein. 1 Angebot gültig pro Bestellung.|2018-06-15 14:40:24 +00:00|False||18127614|True|1||1||||False|op4458_en.png||||0,1,2,3,4,5,6|||False||False|||False||False||False||True|" Chicken_Sandwiches_And_Wraps_Regular, Switzerland_Growth_Active"|
5457|43|579|40|"20180618|1_HM|5.00|family"|1 Happy Meal = Fr. 5.-|2018-06-18 00:00:00 +00:00|2018-07-01 23:59:00 +00:00|McDonald's behält sich das Recht vor, dieses Angebot jederzeit zurückzuziehen. Gültig nur in der Schweiz und im Fürstentum Liechtenstein. 1 Angebot gültig pro Bestellung.|2018-06-15 14:39:30 +00:00|False||32005721|True|1||1||||False|op3134_en.png||||0,1,2,3,4,5,6|||False||False|||False||False||False||True|" Happy_Meal_Family_Regular, Switzerland_Growth_Active"|
5458|43|579|44|"20180618|1_small_drink|1.50|sweet_coffee"|Gültig für folgende Getränke, vorbehaltlich Verfügbarkeit des Restaurants: Small Coca-Cola, Small Coca-Cola Light, Small Coca-Cola Zéro, Small Fanta Zéro, Small Lipton Ice Tea, Small Sprite zéro, Henniez natuelle (0.33l), Henniez légère (0.33l), Apfelshorle (0.33l), Tropicana (0.25l).|2018-06-18 00:00:00 +00:00|2018-07-01 23:59:00 +00:00|McDonald's behält sich das Recht vor, dieses Angebot jederzeit zurückzuziehen. Gültig nur in der Schweiz und im Fürstentum Liechtenstein. 1 Angebot gültig pro Bestellung.|2018-06-15 14:42:02 +00:00|False||16903197|True|1||1||||False|op4475_en.png||||0,1,2,3,4,5,6|||False||False|||False||False||False||True|" sweet_coffee_regular, Switzerland_Growth_Active"|
5517|44|579|40|"20180621|1_HM|5.00|na"|1 Happy Meal = Fr. 5.-|2018-06-21 00:00:00 +00:00|2018-07-01 23:59:00 +00:00|McDonald's behält sich das Recht vor, dieses Angebot jederzeit zurückzuziehen. Gültig nur in der Schweiz und im Fürstentum Liechtenstein. 1 Angebot gültig pro Bestellung.|2018-06-20 12:42:31 +00:00|False||32005721|True|1||1||||False|op3134_en.png||||0,1,2,3,4,5,6|||False||False|||False||False||False||True|" Switzerland_Growth_InActive"|
5518|44|579|52|"20180621|1_MM_6_CMN_1_Mc_Flurry|11.20|na"|1 Menu Medium 6 Chicken McNuggets = 1 McFlurry|2018-06-21 00:00:00 +00:00|2018-07-01 23:59:00 +00:00|McDonald's behält sich das Recht vor, dieses Angebot jederzeit zurückzuziehen. Gültig nur in der Schweiz und im Fürstentum Liechtenstein. 1 Angebot gültig pro Bestellung.|2018-06-20 12:44:17 +00:00|False||16898325|True|1||1||||False|op4477_en.png||||0,1,2,3,4,5,6|||False||False|||False||False||False||True|" Switzerland_Growth_InActive"|
5519|44|579|38|"20180621|1_MM_BigTasty|10.90|na"|1 Menu Medium Big Tasty* = Fr. 10.90|2018-06-21 00:00:00 +00:00|2018-07-01 23:59:00 +00:00|McDonald's behält sich das Recht vor, dieses Angebot jederzeit zurückzuziehen. Gültig nur in der Schweiz und im Fürstentum Liechtenstein. 1 Angebot gültig pro Bestellung.|2018-06-21 07:28:56 +00:00|False||82605926|True|1||1||||False|op4080_en.png||||0,1,2,3,4,5,6|||False||False|||False||False||False||True|" Switzerland_Growth_InActive"|
5589|40|579|40|"20180702|1_HM|5.00|na"|1 Happy Meal = Fr. 5.-|2018-07-02 00:00:00 +00:00|2018-07-06 14:30:00 +00:00|McDonald's behält sich das Recht vor, dieses Angebot jederzeit zurückzuziehen. Gültig nur in der Schweiz und im Fürstentum Liechtenstein. 1 Angebot gültig pro Bestellung.|2018-07-06 12:33:39 +00:00|False||32001174|True|1||1||||False|op3134_en.png||||0,1,2,3,4,5,6|||False||False|||False||False||False||True||
5590|40|579|39|"20180702|1_MM_CBO_4_CMN|13.80|na"|" 1 Menu Medium CBO = 4 Chicken McNuggets"|2018-07-02 00:00:00 +00:00|2018-07-06 14:35:00 +00:00|McDonald's behält sich das Recht vor, dieses Angebot jederzeit zurückzuziehen. Gültig nur in der Schweiz und im Fürstentum Liechtenstein. 1 Angebot gültig pro Bestellung.|2018-07-06 12:37:33 +00:00|False||17082662|True|1||1||||False|op4476_en.png|{hideexpiredate:true}|||0,1,2,3,4,5,6|||False||False|||False||False||False||True||
5591|42|579|38|"20180702|1_MM_BigTasty|10.90|na"|1 Menu Medium Big Tasty* = Fr. 10.90|2018-07-02 00:00:00 +00:00|2018-07-06 14:35:00 +00:00|McDonald's behält sich das Recht vor, dieses Angebot jederzeit zurückzuziehen. Gültig nur in der Schweiz und im Fürstentum Liechtenstein. 1 Angebot gültig pro Bestellung.|2018-07-06 12:36:27 +00:00|False||82605438|True|1||1||||False|op4080_en.png||||0,1,2,3,4,5,6|||False||False|||False||False||False||True|" Switzerland_CRM_OfferA"|
5592|42|579|39|"20180702|4_chicken_nuggets|2.00|na"|4 Chicken McNuggets = Fr. 2.-|2018-07-02 00:00:00 +00:00|2018-07-06 14:35:00 +00:00|McDonald's behält sich das Recht vor, dieses Angebot jederzeit zurückzuziehen. Gültig nur in der Schweiz und im Fürstentum Liechtenstein. 1 Angebot gültig pro Bestellung.|2018-07-06 12:38:46 +00:00|False||46549174|True|1||1||||False|op4069_en.png||||0,1,2,3,4,5,6|||False||False|||False||False||False||True|" Switzerland_CRM_OfferA"|
5593|42|579|52|"20180702|1_apple_pie|1.00|na"|1 Apfeltasche = Fr. 1.-|2018-07-02 00:00:00 +00:00|2018-07-06 14:30:00 +00:00|McDonald's behält sich das Recht vor, dieses Angebot jederzeit zurückzuziehen. Gültig nur in der Schweiz und im Fürstentum Liechtenstein. 1 Angebot gültig pro Bestellung.|2018-07-06 12:32:33 +00:00|False||11813576|True|1||1||||False|op5593_en.png||||0,1,2,3,4,5,6|60||False||False|||False||False||False||True|" Switzerland_CRM_OfferA"|
5594|43|579|38|"20180702|1_MM_Royal_Cheese|9.90|na"|1 Menu Medium Royal Cheese = Fr. 9.90|2018-07-02 00:00:00 +00:00|2018-07-06 14:35:00 +00:00|McDonald's behält sich das Recht vor, dieses Angebot jederzeit zurückzuziehen. Gültig nur in der Schweiz und im Fürstentum Liechtenstein. 1 Angebot gültig pro Bestellung.|2018-07-06 12:37:55 +00:00|False||16468375|True|1||1||||False|op3129_en.png||||0,1,2,3,4,5,6|||False||False|||False||False||False||True|" Switzerland_Growth_Active"|
5595|43|579|52|"20180702|1_apple_pie|1.00|na"|1 Apfeltasche = Fr. 1.-|2018-07-02 00:00:00 +00:00|2018-07-06 14:30:00 +00:00|McDonald's behält sich das Recht vor, dieses Angebot jederzeit zurückzuziehen. Gültig nur in der Schweiz und im Fürstentum Liechtenstein. 1 Angebot gültig pro Bestellung.|2018-07-06 12:33:20 +00:00|False||11813576|True|1||1||||False|op5595_en.png||||0,1,2,3,4,5,6|||False||False|||False||False||False||True|" Switzerland_Growth_Active"|
5596|44|579|38|"20180702|1_MM_Royal_Cheese|9.90|na"|1 Menu Medium Royal Cheese = Fr. 9.90|2018-07-02 00:00:00 +00:00|2018-07-06 14:35:00 +00:00|McDonald's behält sich das Recht vor, dieses Angebot jederzeit zurückzuziehen. Gültig nur in der Schweiz und im Fürstentum Liechtenstein. 1 Angebot gültig pro Bestellung.|2018-07-06 12:38:16 +00:00|False||16468375|True|1||1||||False|op3129_en.png||||0,1,2,3,4,5,6|||False||False|||False||False||False||True|" Switzerland_Growth_InActive"|
5597|44|579|52|"20180702|1_apple_pie|1.00|na"|1 Apfeltasche = Fr. 1.-|2018-07-02 00:00:00 +00:00|2018-07-06 14:30:00 +00:00|McDonald's behält sich das Recht vor, dieses Angebot jederzeit zurückzuziehen. Gültig nur in der Schweiz und im Fürstentum Liechtenstein. 1 Angebot gültig pro Bestellung.|2018-07-06 12:32:55 +00:00|False||11813576|True|1||1||||False|op5597_en.png||||0,1,2,3,4,5,6|||False||False|||False||False||False||True|" Switzerland_Growth_InActive"|
5598|44|579|38|"20180702|1_MM_BigTasty|10.90|na"|1 Menu Medium Big Tasty* = Fr. 10.90|2018-07-02 00:00:00 +00:00|2018-07-06 14:35:00 +00:00|McDonald's behält sich das Recht vor, dieses Angebot jederzeit zurückzuziehen. Gültig nur in der Schweiz und im Fürstentum Liechtenstein. 1 Angebot gültig pro Bestellung.|2018-07-06 12:37:08 +00:00|False||82605438|True|1||1||||False|op4080_en.png||||0,1,2,3,4,5,6|||False||False|||False||False||False||True|" Switzerland_Growth_InActive"|
5681|392|579|39|"20180706|6_chicken_nuggets|1.50|na"|"Max. 1 Bon pro Bestellung. "|2018-07-06 06:00:00 +00:00|2018-07-07 05:55:00 +00:00|Dieses Angebot ist nur am 06.07.2018 bis zur Schliessung des Restaurants in allen teilnehmenden Restaurants der Schweiz und im Fürstentum Liechtenstein gültig (Liste unter mcdonalds.ch/summerhits). Max. 1 Bon pro Bestellung. Solange der Vorrat reicht.|2018-07-05 18:08:23 +00:00|False||18472950|True|1||1||||False|op5681_en.png||||5|100||False||False|||True|0|False||False||True||
5682|392|579|52|"20180707|1_mc_flurry|2.00|na"|"Max. 1 Bon pro Bestellung. "|2018-07-07 06:00:00 +00:00|2018-07-08 05:55:00 +00:00|Dieses Angebot ist nur am 07.07.2018 bis zur Schliessung des Restaurants in allen teilnehmenden Restaurants der Schweiz und im Fürstentum Liechtenstein gültig (Liste unter mcdonalds.ch/summerhits). Max. 1 Bon pro Bestellung. Solange der Vorrat reicht.|2018-07-05 18:09:05 +00:00|False||10886922|True|1||1||||False|op5682_en.png||||6|100||False||False|||False||False||False||True||
5739|392|579|38|"20180708|1_menu_small|7.00|na"|"Menu Big Tasty™ (Bacon), CBO, 9 Chicken McNuggets®, Fan Burger: + Fr. 1.50 pro Menu. Nicht gültig für The New Prime und Salad Menu. Max. 1 Bon pro Bestellung. "|2018-07-08 06:00:00 +00:00|2018-07-09 05:55:00 +00:00|"Dieses Angebot ist nur am 08.07.2018 bis zur Schliessung des Restaurants in allen teilnehmenden Restaurants der Schweiz und im Fürstentum Liechtenstein gültig (Liste unter mcdonalds.ch/summerhits). Max. 1 Bon pro Bestellung. Solange der Vorrat reicht. Menu Big Tasty™ (Bacon), CBO, 9 Chicken McNuggets®, Fan Burger: + Fr. 1.50 pro Menu. Nicht gültig für The New Prime und Salad Menu. Max. 1 Bon pro Bestellung. "|2018-07-05 18:10:00 +00:00|False||17234191|True|1||1||||False|op5739_en.png||||0|100||False||False|||False||False||False||True||
5740|392|579|38|"20180709|2_cheeseburger|2.50|na"|"Max. 1 Bon pro Bestellung. "|2018-07-09 06:00:00 +00:00|2018-07-10 05:55:00 +00:00|Dieses Angebot ist nur am 09.07.2018 bis zur Schliessung des Restaurants in allen teilnehmenden Restaurants der Schweiz und im Fürstentum Liechtenstein gültig (Liste unter mcdonalds.ch/summerhits). Max. 1 Bon pro Bestellung. Solange der Vorrat reicht.|2018-07-06 14:21:57 +00:00|False||17465137|True|1||1||||False|op5740_en.png||||1|100||False||False|||False||False||False||True||
5741|392|579|44|"20180710|1_small_drink|1.00|na"|"Max. 1 Bon pro Bestellung. "|2018-07-10 06:00:00 +00:00|2018-07-11 05:55:00 +00:00|Dieses Angebot ist nur am 10.07.2018 bis zur Schliessung des Restaurants in allen teilnehmenden Restaurants der Schweiz und im Fürstentum Liechtenstein gültig (Liste unter mcdonalds.ch/summerhits). Max. 1 Bon pro Bestellung. Solange der Vorrat reicht.|2018-07-06 14:22:04 +00:00|False||16907348|True|1||1||||False|op5741_en.png||||2|100||False||False|||False||False||False||True||
5777|392|579|38|"20180711|1_double_mc_bacon|3.50|na"|"Max. 1 Bon pro Bestellung. "|2018-07-11 06:00:00 +00:00|2018-07-12 05:55:00 +00:00|Dieses Angebot ist nur am 11.07.2018 bis zur Schliessung des Restaurants in allen teilnehmenden Restaurants der Schweiz und im Fürstentum Liechtenstein gültig (Liste unter mcdonalds.ch/summerhits). Max. 1 Bon pro Bestellung. Solange der Vorrat reicht.|2018-07-06 14:22:10 +00:00|False||18425833|True|1||1||||False|op5777_en.png||||3|100||False||False|||False||False||False||True||
5778|392|579|43|"201807XX|1_coffee|1.00|na"|*Café Crème Small oder Espresso.Max. 1 Bon pro Bestellung.|2018-07-11 00:00:00 +00:00|2018-07-11 23:59:00 +00:00|Dieses Angebot ist nur am xx.xx.2018 bis zur Schliessung des Restaurants in allen teilnehmenden Restaurants der Schweiz und im Fürstentum Liechtenstein gültig (Liste unter mcdonalds.ch/summerhits). Max. 1 Bon pro Bestellung. Solange der Vorrat reicht.|2018-07-05 10:25:17 +00:00|False||18974935|True|1||0||||False|op5778_en.png||||3|||False||False|||False||False||False||True||
5779|392|579|39|"201807XX|1_mc_chicken|3.90|na"|"Max. 1 Bon pro Bestellung. "|2018-07-11 00:00:00 +00:00|2018-07-11 23:59:00 +00:00|Dieses Angebot ist nur am xx.xx.2018 bis zur Schliessung des Restaurants in allen teilnehmenden Restaurants der Schweiz und im Fürstentum Liechtenstein gültig (Liste unter mcdonalds.ch/summerhits). Max. 1 Bon pro Bestellung. Solange der Vorrat reicht.|2018-07-05 10:12:15 +00:00|False||18437416|True|1||0||||False|op5779_en.png||||3|100||False||False|||False||False||False||True||
5780|392|579|39|"201807XX|1_cheeseburger_royal|3.90|na"|"Max. 1 Bon pro Bestellung. "|2018-07-11 00:00:00 +00:00|2018-07-11 23:59:00 +00:00|Dieses Angebot ist nur am xx.xx.2018 bis zur Schliessung des Restaurants in allen teilnehmenden Restaurants der Schweiz und im Fürstentum Liechtenstein gültig (Liste unter mcdonalds.ch/summerhits). Max. 1 Bon pro Bestellung. Solange der Vorrat reicht.|2018-07-05 10:23:44 +00:00|False||18450972|True|1||0||||False|op5780_en.png||||3|100||False||False|||False||False||False||True||
5781|392|579|44|"201807XX|1_small_drink|1.00|na"|"Max. 1 Bon pro Bestellung. "|2018-07-11 00:00:00 +00:00|2018-07-11 23:59:00 +00:00|Dieses Angebot ist nur am xx.xx.2018 bis zur Schliessung des Restaurants in allen teilnehmenden Restaurants der Schweiz und im Fürstentum Liechtenstein gültig (Liste unter mcdonalds.ch/summerhits). Max. 1 Bon pro Bestellung. Solange der Vorrat reicht.|2018-07-05 10:28:15 +00:00|False||16907348|True|1||0||||False|op5781_en.png||||3|100||False||False|||False||False||False||True||
